Lat,Long,Nesting,Insecticide ,SpringFloral ,SummerFloral,FallFloral ,TrapezoidAverage
41.704639,-89.068394,19.14691329,394.7318792,23.8275826,37.34971285,23.12683612,60.82692221
41.704639,-89.068394,19.14691329,394.7318792,23.8275826,37.34971285,23.12683612,60.82692221
41.704639,-89.068394,19.14691329,394.7318792,23.8275826,37.34971285,23.12683612,60.82692221
41.704639,-89.068394,19.14691329,394.7318792,23.8275826,37.34971285,23.12683612,60.82692221
37.2994,-89.2561,52.97596455,29.18370664,59.60811377,50.28697848,37.73346841,98.95776957
37.2994,-89.2561,52.97596455,29.18370664,59.60811377,50.28697848,37.73346841,98.95776957
38.841222,-89.40536,22.38081098,441.4690018,26.00265741,37.35365272,23.02072048,61.86534166
38.841222,-89.40536,22.38081098,441.4690018,26.00265741,37.35365272,23.02072048,61.86534166
38.841222,-89.40536,22.38081098,441.4690018,26.00265741,37.35365272,23.02072048,61.86534166
38.841222,-89.40536,22.38081098,441.4690018,26.00265741,37.35365272,23.02072048,61.86534166
38.765556,-89.287201,23.05943668,300.6414413,27.32000649,36.62847877,23.59232605,62.08464503
38.765556,-89.287201,23.05943668,300.6414413,27.32000649,36.62847877,23.59232605,62.08464503
38.765556,-89.287201,23.05943668,300.6414413,27.32000649,36.62847877,23.59232605,62.08464503
38.765556,-89.287201,23.05943668,300.6414413,27.32000649,36.62847877,23.59232605,62.08464503
38.812953,-89.733984,33.27759206,226.3308525,35.07641852,40.29073715,28.18312049,71.92050666
38.812953,-89.733984,33.27759206,226.3308525,35.07641852,40.29073715,28.18312049,71.92050666
38.812953,-89.733984,33.27759206,226.3308525,35.07641852,40.29073715,28.18312049,71.92050666
41.194,-87.9612,30.18705845,156.1689377,35.64722836,41.46617949,29.46777642,74.02368188
41.194,-87.9612,30.18705845,156.1689377,35.64722836,41.46617949,29.46777642,74.02368188
41.32485,-90.07756,13.60826492,642.232275,16.54284,33.32928717,17.20458865,50.2030015
41.32485,-90.07756,13.60826492,642.232275,16.54284,33.32928717,17.20458865,50.2030015
41.32485,-90.07756,13.60826492,642.232275,16.54284,33.32928717,17.20458865,50.2030015
39.59045,-91.04372,43.82450879,229.8672915,48.61108363,45.90352178,32.64230788,86.53021753
38.86296,-88.942052,26.61295235,310.2728367,30.4667294,39.3306613,25.09833276,67.11319238
38.86296,-88.942052,26.61295235,310.2728367,30.4667294,39.3306613,25.09833276,67.11319238
38.86296,-88.942052,26.61295235,310.2728367,30.4667294,39.3306613,25.09833276,67.11319238
38.86296,-88.942052,26.61295235,310.2728367,30.4667294,39.3306613,25.09833276,67.11319238
38.891754,-88.986789,34.45644677,182.7495813,39.13609982,43.16761494,29.35333252,77.4123311
38.891754,-88.986789,34.45644677,182.7495813,39.13609982,43.16761494,29.35333252,77.4123311
38.891754,-88.986789,34.45644677,182.7495813,39.13609982,43.16761494,29.35333252,77.4123311
38.891754,-88.986789,34.45644677,182.7495813,39.13609982,43.16761494,29.35333252,77.4123311
38.732906,-89.858635,28.87558043,178.6641479,38.93541694,46.03024423,33.57255459,82.28422999
38.732906,-89.858635,28.87558043,178.6641479,38.93541694,46.03024423,33.57255459,82.28422999
38.732906,-89.858635,28.87558043,178.6641479,38.93541694,46.03024423,33.57255459,82.28422999
38.732906,-89.858635,28.87558043,178.6641479,38.93541694,46.03024423,33.57255459,82.28422999
39.50765,-89.98601,21.50252163,418.5200214,26.27436221,38.22275996,21.98467255,62.35227734
41.6779,-88.0496,22.83772975,11.36886254,42.66765416,49.10634458,35.94881594,88.41457963
41.6779,-88.0496,22.83772975,11.36886254,42.66765416,49.10634458,35.94881594,88.41457963
42.0125,-88.7838,16.07289016,417.6662922,21.04985565,36.22636199,20.04993856,56.77625909
42.0125,-88.7838,16.07289016,417.6662922,21.04985565,36.22636199,20.04993856,56.77625909
42.351085,-88.02256,22.92574346,13.10700476,43.83867979,51.29308701,39.80825245,93.11655313
42.351085,-88.02256,22.92574346,13.10700476,43.83867979,51.29308701,39.80825245,93.11655313
42.3534,-88.1075,28.15214992,24.36814308,46.8510896,51.57668591,40.13085067,95.06765604
42.3534,-88.1075,28.15214992,24.36814308,46.8510896,51.57668591,40.13085067,95.06765604
42.2589,-88.0732,32.64764547,23.43964428,47.84195423,50.27455688,39.58727121,93.9891696
42.2589,-88.0732,32.64764547,23.43964428,47.84195423,50.27455688,39.58727121,93.9891696
37.5694,-89.3263,52.6019752,14.27821368,60.59671044,51.97381377,39.68145251,102.1128953
37.5694,-89.3263,52.6019752,14.27821368,60.59671044,51.97381377,39.68145251,102.1128953
37.5694,-89.3263,52.6019752,14.27821368,60.59671044,51.97381377,39.68145251,102.1128953
39.17541,-89.52163,32.17126429,207.5308084,36.36810184,42.07247198,28.91428769,74.71366674
39.17541,-89.52163,32.17126429,207.5308084,36.36810184,42.07247198,28.91428769,74.71366674
39.17541,-89.52163,32.17126429,207.5308084,36.36810184,42.07247198,28.91428769,74.71366674
39.17541,-89.52163,32.17126429,207.5308084,36.36810184,42.07247198,28.91428769,74.71366674
37.4485,-89.1409,43.6935991,23.93106073,53.2245338,51.22448802,38.93543482,97.30447233
37.4485,-89.1409,43.6935991,23.93106073,53.2245338,51.22448802,38.93543482,97.30447233
37.4485,-89.1409,43.6935991,23.93106073,53.2245338,51.22448802,38.93543482,97.30447233
37.4485,-89.1409,43.6935991,23.93106073,53.2245338,51.22448802,38.93543482,97.30447233
37.5694,-89.3263,52.6019752,14.27821368,60.59671044,51.97381377,39.68145251,102.1128953
37.5694,-89.3263,52.6019752,14.27821368,60.59671044,51.97381377,39.68145251,102.1128953
37.5694,-89.3263,52.6019752,14.27821368,60.59671044,51.97381377,39.68145251,102.1128953
37.738418,-88.9326,25.62742233,13.27741444,46.99096978,53.99628282,41.66696668,98.32525104
37.738418,-88.9326,25.62742233,13.27741444,46.99096978,53.99628282,41.66696668,98.32525104
37.738418,-88.9326,25.62742233,13.27741444,46.99096978,53.99628282,41.66696668,98.32525104
37.7605,-88.8365,39.49025571,64.89323974,46.16418779,46.59277499,35.23576856,87.29275316
37.7605,-88.8365,39.49025571,64.89323974,46.16418779,46.59277499,35.23576856,87.29275316
37.7779,-89.3118,33.9499563,70.72606087,46.99700773,48.81896973,36.07072532,90.35283625
37.7779,-89.3118,33.9499563,70.72606087,46.99700773,48.81896973,36.07072532,90.35283625
37.806095,-89.337288,27.26985514,141.0183191,37.8406316,45.79416513,31.74293637,80.58594912
37.806095,-89.337288,27.26985514,141.0183191,37.8406316,45.79416513,31.74293637,80.58594912
37.8353,-89.4282,46.23120427,73.75363708,53.28817368,48.75774086,35.98149121,93.3925733
37.8353,-89.4282,46.23120427,73.75363708,53.28817368,48.75774086,35.98149121,93.3925733
39.9233,-89.3034,14.33094442,593.1249142,18.31975132,34.65403616,18.18644404,52.90713385
39.9233,-89.3034,14.33094442,593.1249142,18.31975132,34.65403616,18.18644404,52.90713385
39.9233,-89.3034,14.33094442,593.1249142,18.31975132,34.65403616,18.18644404,52.90713385
39.9233,-89.3034,14.33094442,593.1249142,18.31975132,34.65403616,18.18644404,52.90713385
40.19876,-91.40963,28.2309711,294.8534489,34.39813554,42.00065434,26.92962289,72.66453356
40.19876,-91.40963,28.2309711,294.8534489,34.39813554,42.00065434,26.92962289,72.66453356
40.19876,-91.40963,28.2309711,294.8534489,34.39813554,42.00065434,26.92962289,72.66453356
40.19876,-91.40966,28.2309711,294.8534489,34.39813554,42.00065434,26.92962289,72.66453356
42.227512,-88.966677,29.57696617,103.8042188,43.83231401,48.83191288,36.91663742,89.20638859
42.227512,-88.966677,29.57696617,103.8042188,43.83231401,48.83191288,36.91663742,89.20638859
42.227512,-88.966677,29.57696617,103.8042188,43.83231401,48.83191288,36.91663742,89.20638859
42.227512,-88.966677,29.57696617,103.8042188,43.83231401,48.83191288,36.91663742,89.20638859
42.118611,-89.043639,24.00107235,304.8960209,30.06184697,40.38645923,26.2206614,68.52771342
42.118611,-89.043639,24.00107235,304.8960209,30.06184697,40.38645923,26.2206614,68.52771342
42.118611,-89.043639,24.00107235,304.8960209,30.06184697,40.38645923,26.2206614,68.52771342
42.118611,-89.043639,24.00107235,304.8960209,30.06184697,40.38645923,26.2206614,68.52771342
39.15517,-89.79471,16.76432043,489.6474838,21.91693634,36.42367423,20.08081973,57.42255226
39.15517,-89.79471,16.76432043,489.6474838,21.91693634,36.42367423,20.08081973,57.42255226
39.15517,-89.79471,16.76432043,489.6474838,21.91693634,36.42367423,20.08081973,57.42255226
39.15517,-89.79471,16.76432043,489.6474838,21.91693634,36.42367423,20.08081973,57.42255226
39.0378,-89.94222,26.58547163,297.8482246,33.67141783,42.16596782,29.4377923,73.72057289
39.0378,-89.94222,26.58547163,297.8482246,33.67141783,42.16596782,29.4377923,73.72057289
39.0378,-89.94222,26.58547163,297.8482246,33.67141783,42.16596782,29.4377923,73.72057289
39.0378,-89.94222,26.58547163,297.8482246,33.67141783,42.16596782,29.4377923,73.72057289
40.52915,-90.45461,24.33683723,396.9091654,29.50234413,39.02631104,23.70209992,65.62853307
40.52915,-90.45461,24.33683723,396.9091654,29.50234413,39.02631104,23.70209992,65.62853307
40.52915,-90.45461,24.33683723,396.9091654,29.50234413,39.02631104,23.70209992,65.62853307
40.52915,-90.45461,24.33683723,396.9091654,29.50234413,39.02631104,23.70209992,65.62853307
41.224,-87.8184,17.8497538,302.4094582,26.21157169,39.89410698,25.7953763,65.89758098
41.224,-87.8184,17.8497538,302.4094582,26.21157169,39.89410698,25.7953763,65.89758098
41.32485,-90.07756,13.60826492,642.232275,16.54284,33.32928717,17.20458865,50.2030015
41.32485,-90.07756,13.60826492,642.232275,16.54284,33.32928717,17.20458865,50.2030015
41.32485,-90.07756,13.60826492,642.232275,16.54284,33.32928717,17.20458865,50.2030015
41.32485,-90.07756,13.60826492,642.232275,16.54284,33.32928717,17.20458865,50.2030015
39.87868,-90.68355,40.9457773,157.6841354,47.57161736,46.77068591,33.54385495,87.32842207
39.87868,-90.68355,40.9457773,157.6841354,47.57161736,46.77068591,33.54385495,87.32842207
39.87868,-90.68355,40.9457773,157.6841354,47.57161736,46.77068591,33.54385495,87.32842207
39.87868,-90.68355,40.9457773,157.6841354,47.57161736,46.77068591,33.54385495,87.32842207
39.94141,-90.59528,45.35084367,160.7149959,50.81348419,47.37457633,34.01382864,89.78823274
39.94141,-90.59528,45.35084367,160.7149959,50.81348419,47.37457633,34.01382864,89.78823274
39.94141,-90.59528,45.35084367,160.7149959,50.81348419,47.37457633,34.01382864,89.78823274
39.94141,-90.59528,45.35084367,160.7149959,50.81348419,47.37457633,34.01382864,89.78823274
40.073114,-88.219063,19.96484995,329.9650192,31.30779266,44.03832257,30.00124693,74.69284236
40.073114,-88.219063,19.96484995,329.9650192,31.30779266,44.03832257,30.00124693,74.69284236
40.073114,-88.219063,19.96484995,329.9650192,31.30779266,44.03832257,30.00124693,74.69284236
40.080901,-88.241035,20.69778144,126.1979103,39.24971223,50.26361346,36.79673076,88.28683496
40.080901,-88.241035,20.69778144,126.1979103,39.24971223,50.26361346,36.79673076,88.28683496
40.080901,-88.241035,20.69778144,126.1979103,39.24971223,50.26361346,36.79673076,88.28683496
40.080901,-88.241035,20.69778144,126.1979103,39.24971223,50.26361346,36.79673076,88.28683496
40.080901,-88.241035,20.69778144,126.1979103,39.24971223,50.26361346,36.79673076,88.28683496
40.080901,-88.241035,20.69778144,126.1979103,39.24971223,50.26361346,36.79673076,88.28683496
40.080901,-88.241035,20.69778144,126.1979103,39.24971223,50.26361346,36.79673076,88.28683496
40.080901,-88.241035,20.69778144,126.1979103,39.24971223,50.26361346,36.79673076,88.28683496
40.073114,-88.219063,19.96484995,329.9650192,31.30779266,44.03832257,30.00124693,74.69284236
40.073114,-88.219063,19.96484995,329.9650192,31.30779266,44.03832257,30.00124693,74.69284236
40.073114,-88.219063,19.96484995,329.9650192,31.30779266,44.03832257,30.00124693,74.69284236
41.496139,-87.847581,23.42597395,42.39999354,43.14136505,51.70457959,38.7618959,92.65621006
41.496139,-87.847581,23.42597395,42.39999354,43.14136505,51.70457959,38.7618959,92.65621006
39.94141,-90.59528,45.35084367,160.7149959,50.81348419,47.37457633,34.01382864,89.78823274
39.94141,-90.59528,45.35084367,160.7149959,50.81348419,47.37457633,34.01382864,89.78823274
39.94141,-90.59528,45.35084367,160.7149959,50.81348419,47.37457633,34.01382864,89.78823274
39.94141,-90.59528,45.35084367,160.7149959,50.81348419,47.37457633,34.01382864,89.78823274
39.9204,-89.731041,30.23838103,291.0094976,34.69649851,41.84426963,27.72437334,73.05470556
39.9204,-89.731041,30.23838103,291.0094976,34.69649851,41.84426963,27.72437334,73.05470556
39.9204,-89.731041,30.23838103,291.0094976,34.69649851,41.84426963,27.72437334,73.05470556
39.9204,-89.731041,30.23838103,291.0094976,34.69649851,41.84426963,27.72437334,73.05470556
39.553051,-89.841499,13.8097778,645.334053,17.17076302,33.64446163,17.42263287,50.94115958
39.553051,-89.841499,13.8097778,645.334053,17.17076302,33.64446163,17.42263287,50.94115958
39.553051,-89.841499,13.8097778,645.334053,17.17076302,33.64446163,17.42263287,50.94115958
39.553051,-89.841499,13.8097778,645.334053,17.17076302,33.64446163,17.42263287,50.94115958
40.842255,-90.943248,32.81846046,359.2542887,38.05819154,42.45177805,28.31622958,75.63898861
40.842255,-90.943248,32.81846046,359.2542887,38.05819154,42.45177805,28.31622958,75.63898861
40.842255,-90.943248,32.81846046,359.2542887,38.05819154,42.45177805,28.31622958,75.63898861
40.842255,-90.943248,32.81846046,359.2542887,38.05819154,42.45177805,28.31622958,75.63898861
40.842255,-90.943248,32.81846046,359.2542887,38.05819154,42.45177805,28.31622958,75.63898861
40.842255,-90.943248,32.81846046,359.2542887,38.05819154,42.45177805,28.31622958,75.63898861
40.842255,-90.943248,32.81846046,359.2542887,38.05819154,42.45177805,28.31622958,75.63898861
40.842255,-90.943248,32.81846046,359.2542887,38.05819154,42.45177805,28.31622958,75.63898861
38.739125,-90.0747066,19.79756653,64.86871839,37.11586595,47.13740647,33.39464068,82.39265978
38.739125,-90.0747066,19.79756653,64.86871839,37.11586595,47.13740647,33.39464068,82.39265978
38.739125,-90.0747066,19.79756653,64.86871839,37.11586595,47.13740647,33.39464068,82.39265978
38.739125,-90.0747066,19.79756653,64.86871839,37.11586595,47.13740647,33.39464068,82.39265978
39.78219,-89.68415,21.93616182,2.866719849,46.09396756,55.14153838,42.65674055,99.51689243
39.78219,-89.68415,21.93616182,2.866719849,46.09396756,55.14153838,42.65674055,99.51689243
39.78219,-89.68415,21.93616182,2.866719849,46.09396756,55.14153838,42.65674055,99.51689243
39.78219,-89.68415,21.93616182,2.866719849,46.09396756,55.14153838,42.65674055,99.51689243
39.41262,-89.37726,13.83425295,524.8025894,18.8180238,35.22099555,17.78488457,53.52244973
39.41262,-89.37726,13.83425295,524.8025894,18.8180238,35.22099555,17.78488457,53.52244973
39.41262,-89.37726,13.83425295,524.8025894,18.8180238,35.22099555,17.78488457,53.52244973
39.41262,-89.37726,13.83425295,524.8025894,18.8180238,35.22099555,17.78488457,53.52244973
38.725654,-88.157784,23.35404307,343.4732676,29.72830832,40.08168578,24.32508618,67.10838303
38.725654,-88.157784,23.35404307,343.4732676,29.72830832,40.08168578,24.32508618,67.10838303
38.725654,-88.157784,23.35404307,343.4732676,29.72830832,40.08168578,24.32508618,67.10838303
38.725654,-88.157784,23.35404307,343.4732676,29.72830832,40.08168578,24.32508618,67.10838303
38.725654,-88.157784,23.35404307,343.4732676,29.72830832,40.08168578,24.32508618,67.10838303
38.725654,-88.157784,23.35404307,343.4732676,29.72830832,40.08168578,24.32508618,67.10838303
38.725654,-88.157784,23.35404307,343.4732676,29.72830832,40.08168578,24.32508618,67.10838303
38.725654,-88.157784,23.35404307,343.4732676,29.72830832,40.08168578,24.32508618,67.10838303
40.087251,-88.21461,22.30359018,131.0755372,40.8765614,50.96415877,38.10181916,90.45334905
40.087251,-88.21461,22.30359018,131.0755372,40.8765614,50.96415877,38.10181916,90.45334905
38.407221,-90.145314,25.59357584,302.2355318,29.72395718,38.77892792,25.66658854,66.47420079
38.407221,-90.145314,25.59357584,302.2355318,29.72395718,38.77892792,25.66658854,66.47420079
38.407221,-90.145314,25.59357584,302.2355318,29.72395718,38.77892792,25.66658854,66.47420079
38.407221,-90.145314,25.59357584,302.2355318,29.72395718,38.77892792,25.66658854,66.47420079
38.393188,-90.11728,34.4206959,193.5138941,37.26050258,41.59188569,29.16689515,74.80558455
38.393188,-90.11728,34.4206959,193.5138941,37.26050258,41.59188569,29.16689515,74.80558455
38.393188,-90.11728,34.4206959,193.5138941,37.26050258,41.59188569,29.16689515,74.80558455
38.393188,-90.11728,34.4206959,193.5138941,37.26050258,41.59188569,29.16689515,74.80558455
39.0053201,-87.784207,25.88908374,336.1603737,32.72233903,41.07928276,25.69966018,70.29028237
39.0053201,-87.784207,25.88908374,336.1603737,32.72233903,41.07928276,25.69966018,70.29028237
39.0053201,-87.784207,25.88908374,336.1603737,32.72233903,41.07928276,25.69966018,70.29028237
39.0053201,-87.784207,25.88908374,336.1603737,32.72233903,41.07928276,25.69966018,70.29028237
38.88025,-87.76025,44.95569766,160.8778477,50.85946321,47.16894627,33.82871151,89.51303363
38.88025,-87.76025,44.95569766,160.8778477,50.85946321,47.16894627,33.82871151,89.51303363
38.88025,-87.76025,44.95569766,160.8778477,50.85946321,47.16894627,33.82871151,89.51303363
38.88025,-87.76025,44.95569766,160.8778477,50.85946321,47.16894627,33.82871151,89.51303363
38.90232,-88.25401,24.31034446,305.7430983,29.46167588,39.44142163,24.70290065,66.52370989
38.90232,-88.25401,24.31034446,305.7430983,29.46167588,39.44142163,24.70290065,66.52370989
38.90232,-88.25401,24.31034446,305.7430983,29.46167588,39.44142163,24.70290065,66.52370989
38.90232,-88.25401,24.31034446,305.7430983,29.46167588,39.44142163,24.70290065,66.52370989
38.90232,-88.25401,24.31034446,305.7430983,29.46167588,39.44142163,24.70290065,66.52370989
38.90232,-88.25401,24.31034446,305.7430983,29.46167588,39.44142163,24.70290065,66.52370989
38.90232,-88.25401,24.31034446,305.7430983,29.46167588,39.44142163,24.70290065,66.52370989
38.90232,-88.25401,24.31034446,305.7430983,29.46167588,39.44142163,24.70290065,66.52370989
38.88025,-87.76025,44.95569766,160.8778477,50.85946321,47.16894627,33.82871151,89.51303363
38.88025,-87.76025,44.95569766,160.8778477,50.85946321,47.16894627,33.82871151,89.51303363
38.88025,-87.76025,44.95569766,160.8778477,50.85946321,47.16894627,33.82871151,89.51303363
38.88025,-87.76025,44.95569766,160.8778477,50.85946321,47.16894627,33.82871151,89.51303363
39.0053201,-87.784207,25.88908374,336.1603737,32.72233903,41.07928276,25.69966018,70.29028237
39.0053201,-87.784207,25.88908374,336.1603737,32.72233903,41.07928276,25.69966018,70.29028237
39.0053201,-87.784207,25.88908374,336.1603737,32.72233903,41.07928276,25.69966018,70.29028237
39.0053201,-87.784207,25.88908374,336.1603737,32.72233903,41.07928276,25.69966018,70.29028237
39.266638,-87.672317,35.16862094,204.1315079,41.59688354,44.13704574,29.19524014,79.53310758
39.266638,-87.672317,35.16862094,204.1315079,41.59688354,44.13704574,29.19524014,79.53310758
39.266638,-87.672317,35.16862094,204.1315079,41.59688354,44.13704574,29.19524014,79.53310758
39.266638,-87.672317,35.16862094,204.1315079,41.59688354,44.13704574,29.19524014,79.53310758
39.3069,-87.77771,36.88466251,226.4248133,42.61600077,43.83967817,29.2443037,79.76983041
39.3069,-87.77771,36.88466251,226.4248133,42.61600077,43.83967817,29.2443037,79.76983041
39.3069,-87.77771,36.88466251,226.4248133,42.61600077,43.83967817,29.2443037,79.76983041
39.3069,-87.77771,36.88466251,226.4248133,42.61600077,43.83967817,29.2443037,79.76983041
39.3069,-87.77771,36.88466251,226.4248133,42.61600077,43.83967817,29.2443037,79.76983041
39.3069,-87.77771,36.88466251,226.4248133,42.61600077,43.83967817,29.2443037,79.76983041
39.3069,-87.77771,36.88466251,226.4248133,42.61600077,43.83967817,29.2443037,79.76983041
39.3069,-87.77771,36.88466251,226.4248133,42.61600077,43.83967817,29.2443037,79.76983041
39.266638,-87.672317,35.16862094,204.1315079,41.59688354,44.13704574,29.19524014,79.53310758
39.266638,-87.672317,35.16862094,204.1315079,41.59688354,44.13704574,29.19524014,79.53310758
39.266638,-87.672317,35.16862094,204.1315079,41.59688354,44.13704574,29.19524014,79.53310758
39.266638,-87.672317,35.16862094,204.1315079,41.59688354,44.13704574,29.19524014,79.53310758
39.836948,-88.994756,34.50239003,3.441177681,50.05221963,51.74033642,41.65148735,97.59218991
39.836948,-88.994756,34.50239003,3.441177681,50.05221963,51.74033642,41.65148735,97.59218991
40.518053,-88.938796,19.36610788,70.01339793,39.02601302,50.1119554,36.79158688,88.02075535
40.518053,-88.938796,19.36610788,70.01339793,39.02601302,50.1119554,36.79158688,88.02075535
38.810901,-89.927847,36.27545834,64.34770823,45.39909363,48.09658229,37.56310642,89.57768232
38.810901,-89.927847,36.27545834,64.34770823,45.39909363,48.09658229,37.56310642,89.57768232
38.810901,-89.927847,36.27545834,64.34770823,45.39909363,48.09658229,37.56310642,89.57768232
38.810901,-89.927847,36.27545834,64.34770823,45.39909363,48.09658229,37.56310642,89.57768232
40.29485,-87.9455,17.51016676,457.8717232,23.24147224,37.39964068,20.94179392,59.49127376
40.29485,-87.9455,17.51016676,457.8717232,23.24147224,37.39964068,20.94179392,59.49127376
40.29485,-87.9455,17.51016676,457.8717232,23.24147224,37.39964068,20.94179392,59.49127376
40.29485,-87.9455,17.51016676,457.8717232,23.24147224,37.39964068,20.94179392,59.49127376
42.0469,-88.6281,23.00967723,365.6257868,28.64766121,39.65018094,24.33807999,66.14305153
42.0469,-88.6281,23.00967723,365.6257868,28.64766121,39.65018094,24.33807999,66.14305153
40.087251,-88.21461,22.30359018,131.0755372,40.8765614,50.96415877,38.10181916,90.45334905
40.087251,-88.21461,22.30359018,131.0755372,40.8765614,50.96415877,38.10181916,90.45334905
38.279347,-89.830806,22.93963432,218.2587385,30.8221817,40.19115269,25.91477633,68.55963171
38.279347,-89.830806,22.93963432,218.2587385,30.8221817,40.19115269,25.91477633,68.55963171
38.279347,-89.830806,22.93963432,218.2587385,30.8221817,40.19115269,25.91477633,68.55963171
38.279347,-89.830806,22.93963432,218.2587385,30.8221817,40.19115269,25.91477633,68.55963171
42.102189,-89.30515,35.02990305,184.8585963,41.7681247,43.73939335,31.09921217,80.17306179
42.102189,-89.30515,35.02990305,184.8585963,41.7681247,43.73939335,31.09921217,80.17306179
42.102189,-89.30515,35.02990305,184.8585963,41.7681247,43.73939335,31.09921217,80.17306179
42.102189,-89.30515,35.02990305,184.8585963,41.7681247,43.73939335,31.09921217,80.17306179
42.15724,-89.57034,19.26834583,545.2130795,21.92102373,35.3130728,21.22607529,56.88662231
42.15724,-89.57034,19.26834583,545.2130795,21.92102373,35.3130728,21.22607529,56.88662231
42.15724,-89.57034,19.26834583,545.2130795,21.92102373,35.3130728,21.22607529,56.88662231
42.15724,-89.57034,19.26834583,545.2130795,21.92102373,35.3130728,21.22607529,56.88662231
40.223021,-89.211755,18.97069961,404.8876286,24.54121113,38.36151361,22.04381377,61.65402606
40.223021,-89.211755,18.97069961,404.8876286,24.54121113,38.36151361,22.04381377,61.65402606
40.223021,-89.211755,18.97069961,404.8876286,24.54121113,38.36151361,22.04381377,61.65402606
40.223021,-89.211755,18.97069961,404.8876286,24.54121113,38.36151361,22.04381377,61.65402606
40.44089,-89.97672,30.25244772,205.3993225,35.7154578,38.05169761,26.29522681,69.05703992
40.44089,-89.97672,30.25244772,205.3993225,35.7154578,38.05169761,26.29522681,69.05703992
40.44089,-89.97672,30.25244772,205.3993225,35.7154578,38.05169761,26.29522681,69.05703992
40.44089,-89.97672,30.25244772,205.3993225,35.7154578,38.05169761,26.29522681,69.05703992
41.266608,-88.264868,20.45408487,257.2038174,29.5525223,41.89263284,28.77133489,71.05456144
41.266608,-88.264868,20.45408487,257.2038174,29.5525223,41.89263284,28.77133489,71.05456144
41.266608,-88.264868,20.45408487,257.2038174,29.5525223,41.89263284,28.77133489,71.05456144
41.266608,-88.264868,20.45408487,257.2038174,29.5525223,41.89263284,28.77133489,71.05456144
41.8833,-90.0103,25.09074509,437.6382351,28.27552259,38.85080516,24.34875518,65.16294405
41.8833,-90.0103,25.09074509,437.6382351,28.27552259,38.85080516,24.34875518,65.16294405
41.8833,-90.0103,25.09074509,437.6382351,28.27552259,38.85080516,24.34875518,65.16294405
41.8833,-90.0103,25.09074509,437.6382351,28.27552259,38.85080516,24.34875518,65.16294405
41.8938569,-88.039106,24.50147867,0.3605334787,47.81338274,54.70669866,42.95161664,100.0891984
41.8938569,-88.039106,24.50147867,0.3605334787,47.81338274,54.70669866,42.95161664,100.0891984
41.7925,-88.1534,23.25041741,0.01612937194,47.0721215,54.67982888,42.26047099,99.34612513
41.7925,-88.1534,23.25041741,0.01612937194,47.0721215,54.67982888,42.26047099,99.34612513
39.670499,-88.495302,14.48618323,487.3064041,19.99079734,36.09191477,18.77034158,55.47248423
39.670499,-88.495302,14.48618323,487.3064041,19.99079734,36.09191477,18.77034158,55.47248423
40.134569,-88.181621,23.32377583,201.3581038,38.14285696,47.5995332,34.49502885,83.9184761
40.134569,-88.181621,23.32377583,201.3581038,38.14285696,47.5995332,34.49502885,83.9184761
40.178598,-87.985183,14.0816316,590.2620792,18.50048006,34.68110859,18.19712669,53.02991197
40.178598,-87.985183,14.0816316,590.2620792,18.50048006,34.68110859,18.19712669,53.02991197
40.178598,-87.985183,14.0816316,590.2620792,18.50048006,34.68110859,18.19712669,53.02991197
40.178598,-87.985183,14.0816316,590.2620792,18.50048006,34.68110859,18.19712669,53.02991197
40.134569,-88.181621,23.32377583,201.3581038,38.14285696,47.5995332,34.49502885,83.9184761
40.134569,-88.181621,23.32377583,201.3581038,38.14285696,47.5995332,34.49502885,83.9184761
39.670499,-88.495302,14.48618323,487.3064041,19.99079734,36.09191477,18.77034158,55.47248423
39.670499,-88.495302,14.48618323,487.3064041,19.99079734,36.09191477,18.77034158,55.47248423
42.190698,-89.298593,24.73365217,436.4202976,29.15244699,39.26725686,24.26939011,65.9781754
42.190698,-89.298593,24.73365217,436.4202976,29.15244699,39.26725686,24.26939011,65.9781754
42.190698,-89.298593,24.73365217,436.4202976,29.15244699,39.26725686,24.26939011,65.9781754
42.190698,-89.298593,24.73365217,436.4202976,29.15244699,39.26725686,24.26939011,65.9781754
39.711491,-91.204266,17.76181012,429.7494888,23.85549098,37.75782287,22.81958461,61.09536067
39.711491,-91.204266,17.76181012,429.7494888,23.85549098,37.75782287,22.81958461,61.09536067
39.711491,-91.204266,17.76181012,429.7494888,23.85549098,37.75782287,22.81958461,61.09536067
37.794048,-88.963638,39.9824053,88.21364641,48.66141379,47.28927314,35.43780446,89.33888227
37.794048,-88.963638,39.9824053,88.21364641,48.66141379,47.28927314,35.43780446,89.33888227
39.304671,-89.298278,17.0209676,410.4180336,25.89485645,39.64692354,24.76690114,64.97780234
39.304671,-89.298278,17.0209676,410.4180336,25.89485645,39.64692354,24.76690114,64.97780234
39.304671,-89.298278,17.0209676,410.4180336,25.89485645,39.64692354,24.76690114,64.97780234
39.304671,-89.298278,17.0209676,410.4180336,25.89485645,39.64692354,24.76690114,64.97780234
37.7586,-89.1744,34.40094888,65.15938044,45.02873123,47.59324491,34.28822458,87.25172281
37.7586,-89.1744,34.40094888,65.15938044,45.02873123,47.59324491,34.28822458,87.25172281
37.628202,-89.335881,56.1093688,5.367410183,63.18022013,52.01467276,39.8150593,103.5123125
37.628202,-89.335881,56.1093688,5.367410183,63.18022013,52.01467276,39.8150593,103.5123125
37.9602,-89.5752,31.40049577,86.46513224,40.56428373,45.7454741,32.9600364,82.50763416
37.9602,-89.5752,31.40049577,86.46513224,40.56428373,45.7454741,32.9600364,82.50763416
37.6678,-89.2329,53.17133665,9.853679687,61.64304614,52.08869576,40.26315212,103.0417949
37.6678,-89.2329,53.17133665,9.853679687,61.64304614,52.08869576,40.26315212,103.0417949
37.89,-89.6063,32.32418597,185.1107478,39.79165554,44.97918487,30.98445535,80.36724031
37.89,-89.6063,32.32418597,185.1107478,39.79165554,44.97918487,30.98445535,80.36724031
37.89,-89.7063,51.09856725,81.73343539,57.25674629,49.38788116,36.40093505,96.21672183
37.89,-89.7063,51.09856725,81.73343539,57.25674629,49.38788116,36.40093505,96.21672183
40.49802,-90.19032,30.40398955,217.7856684,38.29417527,43.48563552,29.45607305,77.36075968
40.49802,-90.19032,30.40398955,217.7856684,38.29417527,43.48563552,29.45607305,77.36075968
40.49802,-90.19032,30.40398955,217.7856684,38.29417527,43.48563552,29.45607305,77.36075968
40.49802,-90.19032,30.40398955,217.7856684,38.29417527,43.48563552,29.45607305,77.36075968
39.58606,-89.646172,17.16237813,486.27882,22.95714319,37.21310198,21.22274935,59.30304825
39.58606,-89.646173,17.16237813,486.27882,22.95714319,37.21310198,21.22274935,59.30304825
39.58606,-89.646174,17.16237813,486.27882,22.95714319,37.21310198,21.22274935,59.30304825
39.58606,-89.646175,17.16237813,486.27882,22.95714319,37.21310198,21.22274935,59.30304825
39.594593,-88.9968,18.68146807,471.1044312,23.54314178,37.0703727,21.02883458,59.35636088
39.594593,-88.9969,18.68146807,471.1044312,23.54314178,37.0703727,21.02883458,59.35636088
39.594593,-88.997,18.7011674,471.5389729,23.55450243,37.07054555,21.0447818,59.37018767
39.594593,-88.9971,18.7011674,471.5389729,23.55450243,37.07054555,21.0447818,59.37018767
39.7692803,-89.800262,22.17695713,398.0771303,27.34332085,39.48919177,24.00079072,65.16124755
39.7692803,-89.800262,22.17695713,398.0771303,27.34332085,39.48919177,24.00079072,65.16124755
39.7692803,-89.800262,22.17695713,398.0771303,27.34332085,39.48919177,24.00079072,65.16124755
39.7692803,-89.800262,22.17695713,398.0771303,27.34332085,39.48919177,24.00079072,65.16124755
39.7692803,-89.800262,22.17695713,398.0771303,27.34332085,39.48919177,24.00079072,65.16124755
39.7692803,-89.800262,22.17695713,398.0771303,27.34332085,39.48919177,24.00079072,65.16124755
39.7692803,-89.800262,22.17695713,398.0771303,27.34332085,39.48919177,24.00079072,65.16124755
39.7692803,-89.800262,22.17695713,398.0771303,27.34332085,39.48919177,24.00079072,65.16124755
41.557742,-88.190947,23.00636768,25.07523,44.46020126,52.42826939,40.43035805,94.87354904
41.557742,-88.190947,23.00636768,25.07523,44.46020126,52.42826939,40.43035805,94.87354904
41.563,-88.4019,15.57917297,505.1553249,19.54469383,35.23456454,19.94009912,54.97696102
41.563,-88.4019,15.57917297,505.1553249,19.54469383,35.23456454,19.94009912,54.97696102
39.5097,-87.7888,36.8862927,219.8335648,43.04512739,44.86373067,30.4568857,81.61473721
39.5097,-87.7888,36.8862927,219.8335648,43.04512739,44.86373067,30.4568857,81.61473721
39.3114,-87.4014,27.1173209,374.3118048,32.28634298,40.34107029,25.54956675,69.25902516
39.3114,-87.4014,27.1173209,374.3118048,32.28634298,40.34107029,25.54956675,69.25902516
39.38097,-87.63447,42.59440601,195.1434851,48.28833044,46.21799886,32.6777488,86.70103848
39.38097,-87.63447,42.59440601,195.1434851,48.28833044,46.21799886,32.6777488,86.70103848
39.2437,-87.4147,23.9340812,394.8753595,29.85289693,40.01297653,24.29853827,67.08869413
39.2437,-87.4147,23.9340812,394.8753595,29.85289693,40.01297653,24.29853827,67.08869413
39.2437,-87.4147,23.9340812,394.8753595,29.85289693,40.01297653,24.29853827,67.08869413
39.2437,-87.4147,23.9340812,394.8753595,29.85289693,40.01297653,24.29853827,67.08869413
39.38097,-87.63447,42.59440601,195.1434851,48.28833044,46.21799886,32.6777488,86.70103848
39.38097,-87.63447,42.59440601,195.1434851,48.28833044,46.21799886,32.6777488,86.70103848
39.3114,-87.4014,27.1173209,374.3118048,32.28634298,40.34107029,25.54956675,69.25902516
39.3114,-87.4014,27.1173209,374.3118048,32.28634298,40.34107029,25.54956675,69.25902516
39.5097,-87.78888,36.8862927,219.8335648,43.04512739,44.86373067,30.4568857,81.61473721
39.5097,-87.78888,36.8862927,219.8335648,43.04512739,44.86373067,30.4568857,81.61473721
39.95476,-89.54522,16.70543104,369.3336487,26.14616454,40.20466208,24.5109871,65.5332379
39.95476,-89.54523,16.70543104,369.3336487,26.14616454,40.20466208,24.5109871,65.5332379
39.95476,-89.54524,16.70543104,369.3336487,26.14616454,40.20466208,24.5109871,65.5332379
39.95476,-89.54525,16.70543104,369.3336487,26.14616454,40.20466208,24.5109871,65.5332379
39.63532,-89.68369,20.86478025,533.4783077,24.09683764,36.89476848,22.4023357,60.14435515
39.63532,-89.68369,20.86478025,533.4783077,24.09683764,36.89476848,22.4023357,60.14435515
39.63532,-89.68369,20.86478025,533.4783077,24.09683764,36.89476848,22.4023357,60.14435515
39.63532,-89.68369,20.86478025,533.4783077,24.09683764,36.89476848,22.4023357,60.14435515
38.430918,-90.13729,23.3064428,388.9150143,27.03083754,37.61846721,24.02446717,63.14611956
38.430918,-90.13729,23.3064428,388.9150143,27.03083754,37.61846721,24.02446717,63.14611956
38.430918,-90.13729,23.3064428,388.9150143,27.03083754,37.61846721,24.02446717,63.14611956
38.430918,-90.13729,23.3064428,388.9150143,27.03083754,37.61846721,24.02446717,63.14611956
39.13048,-90.33757,21.13515735,284.4612122,33.95654261,45.23513019,31.64793849,78.03737074
39.13048,-90.33757,21.13515735,284.4612122,33.95654261,45.23513019,31.64793849,78.03737074
39.13048,-90.33757,21.13515735,284.4612122,33.95654261,45.23513019,31.64793849,78.03737074
39.13048,-90.33757,21.13515735,284.4612122,33.95654261,45.23513019,31.64793849,78.03737074
39.132482,-90.300993,19.24046874,431.763649,25.9709239,39.07849491,23.9340201,64.03096691
39.132482,-90.300993,19.24046874,431.763649,25.9709239,39.07849491,23.9340201,64.03096691
39.132482,-90.300993,19.24046874,431.763649,25.9709239,39.07849491,23.9340201,64.03096691
39.132482,-90.300993,19.24046874,431.763649,25.9709239,39.07849491,23.9340201,64.03096691
40.120999,-88.243274,19.76399124,4.797594622,44.6854651,54.3679595,40.86616039,97.14377224
40.120999,-88.243274,19.76399124,4.797594622,44.6854651,54.3679595,40.86616039,97.14377224
40.120999,-88.243274,19.76399124,4.797594622,44.6854651,54.3679595,40.86616039,97.14377224
40.120999,-88.243274,19.76399124,4.797594622,44.6854651,54.3679595,40.86616039,97.14377224
41.0856,-87.8302,21.54013216,234.4880104,32.47035742,41.17279351,28.66412699,71.74003571
41.0856,-87.8302,21.54013216,234.4880104,32.47035742,41.17279351,28.66412699,71.74003571
41.0858,-87.6875,18.79287511,584.5453262,22.01686949,35.28884351,20.94902694,56.77179173
41.0858,-87.6875,18.79287511,584.5453262,22.01686949,35.28884351,20.94902694,56.77179173
38.705881,-87.760029,31.6724211,151.3662934,42.65682697,47.02398181,34.17907357,85.44193208
38.705881,-87.760029,31.6724211,151.3662934,42.65682697,47.02398181,34.17907357,85.44193208
38.784167,-87.7704,22.67892063,371.9947815,28.90455425,38.73209357,23.34330082,64.85602111
38.784167,-87.7704,22.67892063,371.9947815,28.90455425,38.73209357,23.34330082,64.85602111
38.784167,-87.7704,22.67892063,371.9947815,28.90455425,38.73209357,23.34330082,64.85602111
38.784167,-87.7704,22.67892063,371.9947815,28.90455425,38.73209357,23.34330082,64.85602111
40.915259,-90.644199,21.29101604,208.2946539,37.96231449,48.47120941,35.30983329,85.10728329
40.915259,-90.644199,21.29101604,208.2946539,37.96231449,48.47120941,35.30983329,85.10728329
40.915259,-90.644201,21.29101604,208.2946539,37.96231449,48.47120941,35.30983329,85.10728329
38.46682,-89.23683,20.98000497,424.246645,24.6625036,35.36320627,22.23407775,58.81149694
38.46682,-89.23683,20.98000497,424.246645,24.6625036,35.36320627,22.23407775,58.81149694
38.46682,-89.23683,20.98000497,424.246645,24.6625036,35.36320627,22.23407775,58.81149694
38.46682,-89.23683,20.98000497,424.246645,24.6625036,35.36320627,22.23407775,58.81149694
39.93097,-91.25514,34.82479155,168.7770844,42.40874648,45.90373933,32.61268139,83.41445327
39.93097,-91.25514,34.82479155,168.7770844,42.40874648,45.90373933,32.61268139,83.41445327
39.93097,-91.25514,34.82479155,168.7770844,42.40874648,45.90373933,32.61268139,83.41445327
39.93097,-91.25514,34.82479155,168.7770844,42.40874648,45.90373933,32.61268139,83.41445327
40.476866,-89.014083,20.41080445,49.11147356,42.30321646,52.0544827,39.19365108,92.80291647
40.476866,-89.014083,20.41080445,49.11147356,42.30321646,52.0544827,39.19365108,92.80291647
40.476866,-89.014083,20.41080445,49.11147356,42.30321646,52.0544827,39.19365108,92.80291647
40.476866,-89.014083,20.41080445,49.11147356,42.30321646,52.0544827,39.19365108,92.80291647
40.476866,-89.014083,20.41080445,49.11147356,42.30321646,52.0544827,39.19365108,92.80291647
40.476866,-89.014083,20.41080445,49.11147356,42.30321646,52.0544827,39.19365108,92.80291647
40.673168,-89.502656,42.90418327,41.04844928,52.69749165,50.94445348,39.56295848,97.07467854
40.673168,-89.502656,42.90418327,41.04844928,52.69749165,50.94445348,39.56295848,97.07467854
40.735095,-89.593349,24.03009981,0.03759141837,47.06379771,54.84830737,42.18867421,99.47454333
40.735095,-89.593349,24.03009981,0.03759141837,47.06379771,54.84830737,42.18867421,99.47454333
40.735095,-89.593349,24.03009981,0.03759141837,47.06379771,54.84830737,42.18867421,99.47454333
40.735095,-89.593349,24.03009981,0.03759141837,47.06379771,54.84830737,42.18867421,99.47454333
40.673168,-89.502656,42.90418327,41.04844928,52.69749165,50.94445348,39.56295848,97.07467854
40.673168,-89.502656,42.90418327,41.04844928,52.69749165,50.94445348,39.56295848,97.07467854
40.674545,-89.518295,39.79940116,23.18158448,52.30283141,52.08985209,40.86546898,98.67400229
40.16384,-88.961541,20.76013386,286.0536575,32.32467771,44.09198463,29.46802974,74.98833835
40.16384,-88.961541,20.76013386,286.0536575,32.32467771,44.09198463,29.46802974,74.98833835
40.16384,-88.961541,20.76013386,286.0536575,32.32467771,44.09198463,29.46802974,74.98833835
40.16384,-88.961541,20.76013386,286.0536575,32.32467771,44.09198463,29.46802974,74.98833835
40.674545,-89.518295,39.79940116,23.18158448,52.30283141,52.08985209,40.86546898,98.67400229
41.49095,-90.271403,29.58365083,290.7614946,34.2387706,41.31009877,29.16880548,73.01388681
41.49095,-90.271403,29.58365083,290.7614946,34.2387706,41.31009877,29.16880548,73.01388681
41.49095,-90.271403,29.58365083,290.7614946,34.2387706,41.31009877,29.16880548,73.01388681
41.49095,-90.271403,29.58365083,290.7614946,34.2387706,41.31009877,29.16880548,73.01388681
40.35442,-88.97712,25.98478496,332.9427242,31.08464181,40.95189571,26.0122031,69.50031817
40.35442,-88.97712,25.98478496,332.9427242,31.08464181,40.95189571,26.0122031,69.50031817
40.35442,-88.97712,25.98478496,332.9427242,31.08464181,40.95189571,26.0122031,69.50031817
40.35442,-88.97712,25.98478496,332.9427242,31.08464181,40.95189571,26.0122031,69.50031817
40.35442,-88.97712,25.98478496,332.9427242,31.08464181,40.95189571,26.0122031,69.50031817
40.35442,-88.97712,25.98478496,332.9427242,31.08464181,40.95189571,26.0122031,69.50031817
39.838456,-89.027975,35.18954515,85.44765711,46.30225897,49.00692403,37.79236078,91.05423391
39.838456,-89.027975,35.18954515,85.44765711,46.30225897,49.00692403,37.79236078,91.05423391
40.585179,-89.359996,32.12462962,332.7900648,35.78924835,41.63986444,27.61998475,73.34448099
39.383067,-89.035875,27.50294209,245.0065374,33.68387818,41.02325737,27.24514306,71.48776799
39.383067,-89.035875,27.50294209,245.0065374,33.68387818,41.02325737,27.24514306,71.48776799
39.893534,-88.737738,15.42303413,389.9451017,23.45672548,38.45762312,21.49109691,60.93153432
39.383067,-89.035875,27.50294209,245.0065374,33.68387818,41.02325737,27.24514306,71.48776799
39.383067,-89.035875,27.50294209,245.0065374,33.68387818,41.02325737,27.24514306,71.48776799
40.585179,-89.359996,32.12462962,332.7900648,35.78924835,41.63986444,27.61998475,73.34448099
38.95584,-89.605206,33.64804983,296.4234591,37.34686971,41.57051742,27.21720934,73.85255694
38.95584,-89.605206,33.64804983,296.4234591,37.34686971,41.57051742,27.21720934,73.85255694
38.95584,-89.605206,33.64804983,296.4234591,37.34686971,41.57051742,27.21720934,73.85255694
38.95584,-89.605206,33.64804983,296.4234591,37.34686971,41.57051742,27.21720934,73.85255694
38.975468,-89.664703,17.97991842,480.6272507,23.11030626,36.88460886,21.26127779,59.07040089
38.975468,-89.664703,17.97991842,480.6272507,23.11030626,36.88460886,21.26127779,59.07040089
38.975468,-89.664703,17.97991842,480.6272507,23.11030626,36.88460886,21.26127779,59.07040089
38.975468,-89.664703,17.97991842,480.6272507,23.11030626,36.88460886,21.26127779,59.07040089
37.243,-89.2621,28.87210548,76.85164809,42.01033413,46.35584652,33.44561458,84.08382088
37.243,-89.2621,28.87210548,76.85164809,42.01033413,46.35584652,33.44561458,84.08382088
38.0225,-89.6996,29.44826484,231.4823151,36.41526103,42.26295948,29.37906981,75.1601249
38.0225,-89.6996,29.44826484,231.4823151,36.41526103,42.26295948,29.37906981,75.1601249
38.0141,-89.6577,25.99987388,197.1013904,36.91297174,44.80099976,31.74518645,79.13007885
38.0141,-89.6577,25.99987388,197.1013904,36.91297174,44.80099976,31.74518645,79.13007885
38.0219,-89.7225,26.98300183,285.5111122,32.72860646,40.1245892,26.69456303,69.83617395
38.0219,-89.7225,26.98300183,285.5111122,32.72860646,40.1245892,26.69456303,69.83617395
37.9464274,-89.475429,30.72632849,192.2695637,38.14991713,43.73264611,28.96091044,77.28805989
37.9464274,-89.475429,30.72632849,192.2695637,38.14991713,43.73264611,28.96091044,77.28805989
37.888555,-89.494865,33.21475685,128.5522461,43.30572188,48.00069928,35.06966531,87.18839288
37.888555,-89.494865,33.21475685,128.5522461,43.30572188,48.00069928,35.06966531,87.18839288
41.9878108,-89.065304,15.25465548,607.2663307,17.60028601,33.56001973,19.00714189,51.86373368
41.9878108,-89.065304,15.25465548,607.2663307,17.60028601,33.56001973,19.00714189,51.86373368
41.9878108,-89.065304,15.25465548,607.2663307,17.60028601,33.56001973,19.00714189,51.86373368
41.9878108,-89.065304,15.25465548,607.2663307,17.60028601,33.56001973,19.00714189,51.86373368
39.578196,-89.976311,23.15802872,424.1414547,28.0547291,39.29661512,24.65993911,65.65394923
39.578196,-89.976311,23.15802872,424.1414547,28.0547291,39.29661512,24.65993911,65.65394923
39.578196,-89.976311,23.15802872,424.1414547,28.0547291,39.29661512,24.65993911,65.65394923
39.578196,-89.976311,23.15802872,424.1414547,28.0547291,39.29661512,24.65993911,65.65394923
39.403468,-88.668891,15.74997902,477.5336742,20.85205317,36.21459007,19.05868053,56.16995692
39.403468,-88.668891,15.74997902,477.5336742,20.85205317,36.21459007,19.05868053,56.16995692
39.403468,-88.668891,15.74997902,477.5336742,20.85205317,36.21459007,19.05868053,56.16995692
39.403468,-88.668891,15.74997902,477.5336742,20.85205317,36.21459007,19.05868053,56.16995692
39.360274,-88.917458,20.02002001,364.3127918,25.7835865,38.69058788,21.93076313,62.54776269
39.360274,-88.917458,20.02002001,364.3127918,25.7835865,38.69058788,21.93076313,62.54776269
39.360274,-88.917458,20.02002001,364.3127918,25.7835865,38.69058788,21.93076313,62.54776269
39.360274,-88.917458,20.02002001,364.3127918,25.7835865,38.69058788,21.93076313,62.54776269
38.42294,-88.68922,33.30228329,102.9567719,40.10379612,45.9675014,33.03377032,82.53628463
38.42294,-88.68922,33.30228329,102.9567719,40.10379612,45.9675014,33.03377032,82.53628463
38.42294,-88.68922,33.30228329,102.9567719,40.10379612,45.9675014,33.03377032,82.53628463
38.42294,-88.68922,33.30228329,102.9567719,40.10379612,45.9675014,33.03377032,82.53628463
39.667501,-90.215734,22.36264944,342.8315639,27.873227,37.33054399,23.30899835,62.92165667
39.667501,-90.215734,22.36264944,342.8315639,27.873227,37.33054399,23.30899835,62.92165667
39.667501,-90.215734,22.36264944,342.8315639,27.873227,37.33054399,23.30899835,62.92165667
39.667501,-90.215734,22.36264944,342.8315639,27.873227,37.33054399,23.30899835,62.92165667
39.838546,-89.027975,35.18954515,85.44765711,46.30225897,49.00692403,37.79236078,91.05423391
39.838546,-89.027975,35.18954515,85.44765711,46.30225897,49.00692403,37.79236078,91.05423391
40.46329,-90.77298,42.88034737,171.1377025,48.75931442,46.44244015,33.25625062,87.45022267
40.46329,-90.77298,42.88034737,171.1377025,48.75931442,46.44244015,33.25625062,87.45022267
40.46329,-90.77298,42.88034737,171.1377025,48.75931442,46.44244015,33.25625062,87.45022267
40.46329,-90.77298,42.88034737,171.1377025,48.75931442,46.44244015,33.25625062,87.45022267
39.765679,-89.29273,18.76501739,376.4029503,25.50999522,38.55387866,21.75987959,62.18881607
39.765679,-89.29273,18.76501739,376.4029503,25.50999522,38.55387866,21.75987959,62.18881607
39.765679,-89.29273,18.76501739,376.4029503,25.50999522,38.55387866,21.75987959,62.18881607
39.765679,-89.29273,18.76501739,376.4029503,25.50999522,38.55387866,21.75987959,62.18881607
39.74872,-89.53093,19.27760243,413.4991169,27.71755159,40.54765701,25.74905753,67.28096157
39.74872,-89.53093,19.27760243,413.4991169,27.71755159,40.54765701,25.74905753,67.28096157
39.74872,-89.53093,19.27760243,413.4991169,27.71755159,40.54765701,25.74905753,67.28096157
39.74872,-89.53093,19.27760243,413.4991169,27.71755159,40.54765701,25.74905753,67.28096157
39.893534,-88.737738,15.42303413,389.9451017,23.45672548,38.45762312,21.49109691,60.93153432
39.76842,-89.39519,24.3448928,306.3709021,30.2207619,40.40645361,25.1463145,68.08999181
39.76842,-89.39519,24.3448928,306.3709021,30.2207619,40.40645361,25.1463145,68.08999181
39.76842,-89.39519,24.3448928,306.3709021,30.2207619,40.40645361,25.1463145,68.08999181
39.76842,-89.39519,24.3448928,306.3709021,30.2207619,40.40645361,25.1463145,68.08999181
39.507454,-89.359803,28.00922394,281.5042019,33.64674747,41.42828286,26.91911161,71.7112124
39.507454,-89.359803,28.00922394,281.5042019,33.64674747,41.42828286,26.91911161,71.7112124
39.507454,-89.359803,28.00922394,281.5042019,33.64674747,41.42828286,26.91911161,71.7112124
39.507454,-89.359803,28.00922394,281.5042019,33.64674747,41.42828286,26.91911161,71.7112124
42.272318,-88.083349,33.34124684,48.65168631,45.73877156,48.37968051,37.30133176,89.89973217
42.272318,-88.083349,33.34124684,48.65168631,45.73877156,48.37968051,37.30133176,89.89973217
42.468302,-87.921882,33.00603628,88.63198757,44.79962885,47.85303473,35.1177603,87.81172931
42.468302,-87.921882,33.00603628,88.63198757,44.79962885,47.85303473,35.1177603,87.81172931
42.259,-88.2232,33.88713002,12.35105321,49.5118618,49.98610318,39.40009475,94.44208145
42.259,-88.2232,33.88713002,12.35105321,49.5118618,49.98610318,39.40009475,94.44208145
39.419837,-90.507571,25.64533055,389.1314983,29.82646525,39.28110898,23.655577,66.0221301
39.419837,-90.507571,25.64533055,389.1314983,29.82646525,39.28110898,23.655577,66.0221301
39.419837,-90.507571,25.64533055,389.1314983,29.82646525,39.28110898,23.655577,66.0221301
39.419837,-90.507571,25.64533055,389.1314983,29.82646525,39.28110898,23.655577,66.0221301
42.4674,-87.993,32.96553791,135.0665569,41.91590846,46.05264366,32.98905492,83.50512534
42.4674,-87.993,32.96553791,135.0665569,41.91590846,46.05264366,32.98905492,83.50512534
42.455916,-87.953851,37.85763085,37.12413609,49.75111187,49.26862121,36.84861362,92.56848395
42.455916,-87.953851,37.85763085,37.12413609,49.75111187,49.26862121,36.84861362,92.56848395
39.92388,-89.82448,31.9273144,346.0631132,34.95244086,41.42717421,27.77578235,72.79128581
39.92388,-89.82448,31.9273144,346.0631132,34.95244086,41.42717421,27.77578235,72.79128581
39.92388,-89.82448,31.9273144,346.0631132,34.95244086,41.42717421,27.77578235,72.79128581
39.92388,-89.82448,31.9273144,346.0631132,34.95244086,41.42717421,27.77578235,72.79128581
42.0172,-90.10949,16.28861129,278.2997131,23.48245829,34.60601568,22.25635946,57.47542456
42.0172,-90.10949,16.28861129,278.2997131,23.48245829,34.60601568,22.25635946,57.47542456
42.0172,-90.10949,16.28861129,278.2997131,23.48245829,34.60601568,22.25635946,57.47542456
42.0172,-90.10949,16.28861129,278.2997131,23.48245829,34.60601568,22.25635946,57.47542456
42.453948,-90.279295,32.92327821,203.5149574,39.77261782,46.06287181,32.26096332,82.07966238
42.453948,-90.279295,32.92327821,203.5149574,39.77261782,46.06287181,32.26096332,82.07966238
42.453948,-90.279295,32.92327821,203.5149574,39.77261782,46.06287181,32.26096332,82.07966238
42.453948,-90.279295,32.92327821,203.5149574,39.77261782,46.06287181,32.26096332,82.07966238
42.13381,-90.1238,52.94724107,39.09129202,57.3041141,50.09939075,38.22016716,97.86153138
42.13381,-90.1238,52.94724107,39.09129202,57.3041141,50.09939075,38.22016716,97.86153138
42.13381,-90.1238,52.94724107,39.09129202,57.3041141,50.09939075,38.22016716,97.86153138
42.13381,-90.1238,52.94724107,39.09129202,57.3041141,50.09939075,38.22016716,97.86153138
39.837778,-90.131107,29.93282974,333.0833435,34.95620191,41.44971073,26.2891978,72.07241058
39.837778,-90.131107,29.93282974,333.0833435,34.95620191,41.44971073,26.2891978,72.07241058
39.837778,-90.131107,29.93282974,333.0833435,34.95620191,41.44971073,26.2891978,72.07241058
39.837778,-90.131107,29.93282974,333.0833435,34.95620191,41.44971073,26.2891978,72.07241058
39.91792,-89.60146,25.89726746,358.8648081,31.81816339,41.64811373,27.7644217,71.43940628
39.91792,-89.60146,25.89726746,358.8648081,31.81816339,41.64811373,27.7644217,71.43940628
39.91792,-89.60146,25.89726746,358.8648081,31.81816339,41.64811373,27.7644217,71.43940628
39.91792,-89.60146,25.89726746,358.8648081,31.81816339,41.64811373,27.7644217,71.43940628
41.1418,-89.686,13.79757971,691.468811,16.21991545,32.82605708,16.92403555,49.39803258
41.1418,-89.686,13.79757971,691.468811,16.21991545,32.82605708,16.92403555,49.39803258
39.992249,-90.342014,37.89873421,265.402174,43.44551861,44.52717304,30.92052937,81.71019703
39.992249,-90.342014,37.89873421,265.402174,43.44551861,44.52717304,30.92052937,81.71019703
39.992249,-90.342014,37.89873421,265.402174,43.44551861,44.52717304,30.92052937,81.71019703
39.992249,-90.342014,37.89873421,265.402174,43.44551861,44.52717304,30.92052937,81.71019703
39.81492,-90.36938,17.58750677,553.1196594,21.75967693,35.85507572,19.9649334,56.71738088
39.81492,-90.36938,17.58750677,553.1196594,21.75967693,35.85507572,19.9649334,56.71738088
39.81492,-90.36938,17.58750677,553.1196594,21.75967693,35.85507572,19.9649334,56.71738088
39.81492,-90.36938,17.58750677,553.1196594,21.75967693,35.85507572,19.9649334,56.71738088
42.336699,-88.516499,25.03890395,332.6842785,31.08938336,40.58510959,26.23812258,69.24886256
42.336699,-88.516499,25.03890395,332.6842785,31.08938336,40.58510959,26.23812258,69.24886256
42.159975,-88.519412,25.9575069,187.0783687,36.02854013,45.13897598,31.92820251,79.1173473
42.159975,-88.519412,25.9575069,187.0783687,36.02854013,45.13897598,31.92820251,79.1173473
39.76954,-89.53027,23.89629036,389.9356365,29.70483899,40.40571749,26.11815929,68.31721663
39.76954,-89.53027,23.89629036,389.9356365,29.70483899,40.40571749,26.11815929,68.31721663
39.76954,-89.53027,23.89629036,389.9356365,29.70483899,40.40571749,26.11815929,68.31721663
39.76954,-89.53027,23.89629036,389.9356365,29.70483899,40.40571749,26.11815929,68.31721663
37.81523,-88.854377,42.75230467,97.25782275,48.51347506,46.68563306,35.23167968,88.55821043
37.81523,-88.854377,42.75230467,97.25782275,48.51347506,46.68563306,35.23167968,88.55821043
37.725973,-88.804164,43.37181151,37.85918057,50.9956181,48.75524938,36.58427,92.54519343
37.725973,-88.804164,43.37181151,37.85918057,50.9956181,48.75524938,36.58427,92.54519343
38.11181,-88.74172,38.39090765,123.8572359,43.44963431,44.35715973,31.78103566,81.97249472
38.11181,-88.74172,38.39090765,123.8572359,43.44963431,44.35715973,31.78103566,81.97249472
37.870758,-88.928552,36.42504513,41.06455147,48.65367711,50.46226978,38.27503324,93.92662495
37.870758,-88.928552,36.42504513,41.06455147,48.65367711,50.46226978,38.27503324,93.92662495
38.1531,-88.9052,19.6688354,123.3642817,28.85399759,36.20696366,23.63858968,62.45325729
38.1531,-88.9052,19.6688354,123.3642817,28.85399759,36.20696366,23.63858968,62.45325729
37.606259,-89.030112,51.07601285,10.73731109,58.36494565,50.97196698,38.69116902,99.50002432
37.606259,-89.030112,51.07601285,10.73731109,58.36494565,50.97196698,38.69116902,99.50002432
37.758367,-89.075683,33.67289305,11.69287488,49.32051003,51.91431642,40.98779857,97.06847072
37.758367,-89.075683,33.67289305,11.69287488,49.32051003,51.91431642,40.98779857,97.06847072
37.758367,-89.075683,33.67289305,11.69287488,49.32051003,51.91431642,40.98779857,97.06847072
37.76005,-89.077299,33.9394033,13.87540996,49.33734536,51.78619027,40.83756804,96.87364697
37.76005,-89.077299,33.9394033,13.87540996,49.33734536,51.78619027,40.83756804,96.87364697
40.817,-87.7123,21.08552307,372.6556778,26.69618428,38.8125509,24.12666231,64.2239742
40.817,-87.7123,21.08552307,372.6556778,26.69618428,38.8125509,24.12666231,64.2239742
38.857476,-89.668672,18.78788173,404.9334526,23.9146322,36.7154032,21.73493803,59.54018831
38.857476,-89.668672,18.78788173,404.9334526,23.9146322,36.7154032,21.73493803,59.54018831
38.857476,-89.668672,18.78788173,404.9334526,23.9146322,36.7154032,21.73493803,59.54018831
41.885645,-88.435126,22.50371873,194.7581172,34.2261672,45.30638158,31.18573427,78.01233232
41.885645,-88.435126,22.50371873,194.7581172,34.2261672,45.30638158,31.18573427,78.01233232
40.392528,-91.355429,24.89106953,48.04523885,38.20383847,40.78413844,30.93004823,75.35108179
40.392528,-91.355429,24.89106953,48.04523885,38.20383847,40.78413844,30.93004823,75.35108179
40.392528,-91.355429,24.89106953,48.04523885,38.20383847,40.78413844,30.93004823,75.35108179
40.392528,-91.355429,24.89106953,48.04523885,38.20383847,40.78413844,30.93004823,75.35108179
40.286805,-91.258738,35.23334861,202.3471117,42.74613559,45.74425519,31.65958226,82.94711411
40.286805,-91.258738,35.23334861,202.3471117,42.74613559,45.74425519,31.65958226,82.94711411
40.286805,-91.258738,35.23334861,202.3471117,42.74613559,45.74425519,31.65958226,82.94711411
40.286805,-91.258738,35.23334861,202.3471117,42.74613559,45.74425519,31.65958226,82.94711411
38.901821,-89.403789,34.2741251,137.8296971,42.80374944,47.05020785,35.29137373,86.09776944
38.901821,-89.403789,34.2741251,137.8296971,42.80374944,47.05020785,35.29137373,86.09776944
38.901821,-89.403789,34.2741251,137.8296971,42.80374944,47.05020785,35.29137373,86.09776944
41.1731,-87.6411,21.54711783,332.5891733,30.34754395,40.390113,27.49321759,69.31049377
41.1731,-87.6411,21.54711783,332.5891733,30.34754395,40.390113,27.49321759,69.31049377
42.3903,-88.8504,15.05113989,613.8984203,18.70855093,34.61956084,19.14114654,53.54440957
42.3903,-88.8504,15.05113989,613.8984203,18.70855093,34.61956084,19.14114654,53.54440957
42.3279,-88.7802,17.6152572,599.3617058,20.80240399,35.307917,20.50473839,55.96148819
42.3279,-88.7802,17.6152572,599.3617058,20.80240399,35.307917,20.50473839,55.96148819
42.34385,-88.84646,23.98348004,267.5194502,35.05079448,44.20318305,31.24058545,77.34887302
42.34385,-88.84646,23.98348004,267.5194502,35.05079448,44.20318305,31.24058545,77.34887302
41.32485,-90.07756,13.60826492,642.232275,16.54284,33.32928717,17.20458865,50.2030015
41.32485,-90.07756,13.60826492,642.232275,16.54284,33.32928717,17.20458865,50.2030015
41.32485,-90.07756,13.60826492,642.232275,16.54284,33.32928717,17.20458865,50.2030015
41.32485,-90.07756,13.60826492,642.232275,16.54284,33.32928717,17.20458865,50.2030015
41.975384,-89.15416,18.23870242,524.3797779,22.05919772,36.31192744,21.23834044,57.96069652
41.975384,-89.15416,18.23870242,524.3797779,22.05919772,36.31192744,21.23834044,57.96069652
41.975384,-89.15416,18.23870242,524.3797779,22.05919772,36.31192744,21.23834044,57.96069652
41.975384,-89.15416,18.23870242,524.3797779,22.05919772,36.31192744,21.23834044,57.96069652
41.526722,-90.217615,34.25536156,228.1709671,36.588341,40.36815166,29.86366749,73.59415591
41.526722,-90.217615,34.25536156,228.1709671,36.588341,40.36815166,29.86366749,73.59415591
41.526722,-90.217615,34.25536156,228.1709671,36.588341,40.36815166,29.86366749,73.59415591
41.526722,-90.217615,34.25536156,228.1709671,36.588341,40.36815166,29.86366749,73.59415591
41.8869,-87.7174,16.48942828,0.258611748,39.61538076,50.8558929,35.93705893,88.63211274
41.8869,-87.7174,16.48942828,0.258611748,39.61538076,50.8558929,35.93705893,88.63211274
38.043,-89.0859,26.65540874,228.2548666,33.78755152,42.02376902,28.22540402,73.03024679
38.043,-89.0859,26.65540874,228.2548666,33.78755152,42.02376902,28.22540402,73.03024679
38.043,-89.0859,26.65540874,228.2548666,33.78755152,42.02376902,28.22540402,73.03024679
37.93444,-89.07248,28.38209271,176.7910719,36.1002773,42.47386456,27.87415683,74.46108162
37.93444,-89.07248,28.38209271,176.7910719,36.1002773,42.47386456,27.87415683,74.46108162
37.8037,-89.0623,37.09302247,39.29979205,48.05791676,48.11334908,37.09914386,90.69187939
37.8037,-89.0623,37.09302247,39.29979205,48.05791676,48.11334908,37.09914386,90.69187939
37.627,-88.7658,48.66009653,54.74886298,55.69996238,50.0310719,37.29595244,96.52902931
37.627,-88.7658,48.66009653,54.74886298,55.69996238,50.0310719,37.29595244,96.52902931
37.6873,-88.657,32.18455911,193.394053,39.75088596,43.91487837,30.50609529,79.043369
37.6873,-88.657,32.18455911,193.394053,39.75088596,43.91487837,30.50609529,79.043369
37.6873,-88.657,32.18455911,193.394053,39.75088596,43.91487837,30.50609529,79.043369
37.7118,-88.5717,33.75964761,79.1995585,45.40593624,49.7634083,37.87991405,91.40633345
37.7118,-88.5717,33.75964761,79.1995585,45.40593624,49.7634083,37.87991405,91.40633345
37.82,-88.388,19.0290004,405.5253029,24.75083321,37.9116565,21.60404176,61.08909398
37.82,-88.388,19.0290004,405.5253029,24.75083321,37.9116565,21.60404176,61.08909398
37.82,-88.388,19.0290004,405.5253029,24.75083321,37.9116565,21.60404176,61.08909398
37.893378,-88.83894,34.9280864,136.5659356,43.05850267,45.16454339,33.0602318,83.22391063
37.893378,-88.83894,34.9280864,136.5659356,43.05850267,45.16454339,33.0602318,83.22391063
42.253908,-90.325135,43.02640855,121.6798425,49.02359843,48.69882762,36.1225754,91.27191454
42.253908,-90.325135,43.02640855,121.6798425,49.02359843,48.69882762,36.1225754,91.27191454
42.253908,-90.325135,43.02640855,121.6798425,49.02359843,48.69882762,36.1225754,91.27191454
42.253908,-90.325135,43.02640855,121.6798425,49.02359843,48.69882762,36.1225754,91.27191454
41.1463,-88.0597,18.21427941,408.8695049,23.35371077,37.51330078,23.44563752,60.91297492
41.1463,-88.0597,18.21427941,408.8695049,23.35371077,37.51330078,23.44563752,60.91297492
41.2464,-87.9724,18.46264899,316.5747643,23.90259802,37.95677423,23.00187945,61.40901297
41.2464,-87.9724,18.46264899,316.5747643,23.90259802,37.95677423,23.00187945,61.40901297
42.40525,-90.29018,44.91219521,45.84838152,52.11975574,50.91449618,38.80803585,96.37839198
42.40525,-90.29018,44.91219521,45.84838152,52.11975574,50.91449618,38.80803585,96.37839198
42.40525,-90.29018,44.91219521,45.84838152,52.11975574,50.91449618,38.80803585,96.37839198
42.40525,-90.29018,44.91219521,45.84838152,52.11975574,50.91449618,38.80803585,96.37839198
40.087251,-88.21461,22.30359018,131.0755372,40.8765614,50.96415877,38.10181916,90.45334905
40.087251,-88.21461,22.30359018,131.0755372,40.8765614,50.96415877,38.10181916,90.45334905
40.518053,-88.938796,19.36610788,70.01339793,39.02601302,50.1119554,36.79158688,88.02075535
40.518053,-88.938796,19.36610788,70.01339793,39.02601302,50.1119554,36.79158688,88.02075535
39.936948,-88.994756,14.36768174,566.8417931,19.66356933,35.65811813,19.39834058,55.18907309
39.936948,-88.994756,14.36768174,566.8417931,19.66356933,35.65811813,19.39834058,55.18907309
41.32485,-90.07756,13.60826492,642.232275,16.54284,33.32928717,17.20458865,50.2030015
41.32485,-90.07756,13.60826492,642.232275,16.54284,33.32928717,17.20458865,50.2030015
41.32485,-90.07756,13.60826492,642.232275,16.54284,33.32928717,17.20458865,50.2030015
41.32485,-90.07756,13.60826492,642.232275,16.54284,33.32928717,17.20458865,50.2030015